<?xml version="1.0" encoding="UTF-8"?>
<!DOCTYPE mapper PUBLIC "-//mybatis.org//DTD Mapper 3.0//EN" "http://mybatis.org/dtd/mybatis-3-mapper.dtd">
<mapper namespace="com.python.clinic.dao.patient.IntegralFlowMapper">

    <!-- 通用查询映射结果 -->
    <resultMap id="BaseResultMap" type="com.python.clinic.entity.patient.IntegralFlow">
        <id column="id" property="id" />
        <result column="patient_card_id" property="patientCardId" />
        <result column="transaction_time" property="transactionTime" />
        <result column="type" property="type" />
        <result column="integral_change" property="integralChange" />
        <result column="surplus_integral" property="surplusIntegral" />
        <result column="remark" property="remark" />
        <result column="create_id" property="createId" />
    </resultMap>

    <!-- 通用查询结果列 -->
    <sql id="Base_Column_List">
        id, patient_card_id, transaction_time, type, change, surplus_integral, remark, create_id
    </sql>

</mapper>
