<?xml version="1.0" encoding="UTF-8"?>
<!DOCTYPE mapper PUBLIC "-//mybatis.org//DTD Mapper 3.0//EN" "http://mybatis.org/dtd/mybatis-3-mapper.dtd">
<mapper namespace="com.python.clinic.dao.patient.PatientMapper">

    <!-- 通用查询映射结果 -->
    <resultMap id="BaseResultMap" type="com.python.clinic.entity.patient.Patient">
        <id column="id" property="id" />
        <result column="patient_name" property="patientName" />
        <result column="gender" property="gender" />
        <result column="phone" property="phone" />
        <result column="age" property="age" />
        <result column="birthday" property="birthday" />
        <result column="id_card" property="idCard" />
        <result column="source" property="source" />
        <result column="source_from" property="sourceFrom" />
        <result column="address" property="address" />
        <result column="wechat" property="wechat" />
        <result column="past_history" property="pastHistory" />
        <result column="create_time" property="createTime" />
        <result column="create_id" property="createId" />
    </resultMap>

    <!-- 通用查询结果列 -->
    <sql id="Base_Column_List">
        id, patient_name, gender, phone, age, birthday, id_card, source, source_from, address, wechat, past_history, create_time, create_id
    </sql>

</mapper>
