<?xml version="1.0" encoding="UTF-8"?>
<!DOCTYPE mapper PUBLIC "-//mybatis.org//DTD Mapper 3.0//EN" "http://mybatis.org/dtd/mybatis-3-mapper.dtd">
<mapper namespace="com.python.clinic.dao.patient.PatientMemberCardMapper">

    <!-- 通用查询映射结果 -->
    <resultMap id="BaseResultMap" type="com.python.clinic.entity.patient.PatientMemberCard">
        <id column="id" property="id" />
        <result column="patient_id" property="patientId" />
        <result column="card_id" property="cardId" />
        <result column="integral" property="integral" />
        <result column="total_integral" property="totalIntegral" />
        <result column="principal" property="principal" />
        <result column="gift_amount" property="giftAmount" />
        <result column="create_date" property="createDate"/>
        <result column="remark" property="remark" />
    </resultMap>

    <!-- 通用查询结果列 -->
    <sql id="Base_Column_List">
        id, patient_id, card_id, integral, total_integral, principal, gift_amount, remark
    </sql>

    <select id="selectCountForMemberCard" parameterType="java.lang.Integer" resultType="java.lang.Integer">
        select count(*) from his_patient_member_card where card_id = #{cardId}
    </select>
</mapper>
