<?xml version="1.0" encoding="UTF-8"?>
<!DOCTYPE mapper PUBLIC "-//mybatis.org//DTD Mapper 3.0//EN" "http://mybatis.org/dtd/mybatis-3-mapper.dtd">
<mapper namespace="com.python.clinic.dao.patient.PatientTagMapper">

    <!-- 通用查询映射结果 -->
    <resultMap id="BaseResultMap" type="com.python.clinic.entity.patient.PatientTag">
        <result column="patient_id" property="patientId" />
        <result column="tag_id" property="tagId" />
    </resultMap>

    <!-- 通用查询结果列 -->
    <sql id="Base_Column_List">
        patient_id, tag_id
    </sql>


    <resultMap id="TagResultMap" extends="BaseResultMap" type="com.python.clinic.entity.patient.PatientTag" >
        <association property="tag" column="tag_id" select="com.python.clinic.dao.patient.TagsMapper.selectTagById" fetchType="lazy"></association>
    </resultMap>

    <select id="selectTagListByPatientId" parameterType="int" resultMap="TagResultMap">
        select * from his_patient_tag where patient_id = #{patientId}
    </select>

</mapper>
