<?xml version="1.0" encoding="UTF-8"?>
<!DOCTYPE mapper PUBLIC "-//mybatis.org//DTD Mapper 3.0//EN" "http://mybatis.org/dtd/mybatis-3-mapper.dtd">
<mapper namespace="com.python.clinic.dao.patient.TagsMapper">

    <!-- 通用查询映射结果 -->
    <resultMap id="BaseResultMap" type="com.python.clinic.entity.patient.Tags">
        <id column="id" property="id" />
        <result column="tag_name" property="tagName" />
        <result column="tag_type" property="tagType" />
        <result column="status" property="status" />
    </resultMap>

    <!-- 通用查询结果列 -->
    <sql id="Base_Column_List">
        id, tag_name, tag_type, status
    </sql>

    <select id="selectTagById" parameterType="int" resultMap="BaseResultMap">
        select * from his_tags where id = #{id}
    </select>
</mapper>
