<?xml version="1.0" encoding="UTF-8"?>
<!DOCTYPE mapper PUBLIC "-//mybatis.org//DTD Mapper 3.0//EN" "http://mybatis.org/dtd/mybatis-3-mapper.dtd">
<mapper namespace="com.python.clinic.dao.diagnosis.DiagnosisItemMapper">

    <!-- 通用查询映射结果 -->
    <resultMap id="BaseResultMap" type="com.python.clinic.entity.diagnosis.DiagnosisItem">
        <id column="id" property="id" />
        <result column="diagnosis_id" property="diagnosisId" />
        <result column="num" property="num" />
        <result column="total_price" property="totalPrice" />
        <result column="relation_id" property="relationId" />
        <result column="relation_type" property="relationType" />
        <result column="status" property="status" />
    </resultMap>

    <!-- 通用查询结果列 -->
    <sql id="Base_Column_List">
        id, diagnosis_id, num, total_price, relation_id, relation_type, status
    </sql>

</mapper>
