<?xml version="1.0" encoding="UTF-8"?>
<!DOCTYPE mapper PUBLIC "-//mybatis.org//DTD Mapper 3.0//EN" "http://mybatis.org/dtd/mybatis-3-mapper.dtd">
<mapper namespace="com.python.clinic.dao.diagnosis.DiagnosisMapper">

    <!-- 通用查询映射结果 -->
    <resultMap id="BaseResultMap" type="com.python.clinic.entity.diagnosis.Diagnosis">
        <id column="id" property="id" />
        <result column="patient_id" property="patientId" />
        <result column="complain" property="complain" />
        <result column="hpi" property="hpi" />
        <result column="hpi_picture" property="hpiPicture" />
        <result column="past_history" property="pastHistory" />
        <result column="physical_examination" property="physicalExamination" />
        <result column="diagnosis" property="diagnosis" />
        <result column="drawer" property="drawer" />
        <result column="diagnosis_time" property="diagnosisTime" />
        <result column="total_price" property="totalPrice" />
        <result column="type" property="type" />
        <result column="status" property="status" />
        <result column="doctor_advice" property="doctorAdvice" />
        <result column="registration_fee" property="registrationFee" />
        <result column="visit_number" property="visitNumber" />
        <result column="diagnosis_no" property="diagnosisNo" />
        <result column="execute_status" property="executeStatus" />
        <result column="registration_fee_status" property="registrationFeeStatus" />
        <result column="clinic_id" property="clinicId" />
    </resultMap>

    <!-- 通用查询结果列 -->
    <sql id="Base_Column_List">
        id, patient_id, complain, hpi, hpi_picture, past_history, physical_examination, diagnosis, drawer, diagnosis_time, total_price, type, status, doctor_advice, registration_fee, visit_number, diagnosis_no, execute_status, registration_fee_status, clinic_id
    </sql>

</mapper>
