<?xml version="1.0" encoding="UTF-8"?>
<!DOCTYPE mapper PUBLIC "-//mybatis.org//DTD Mapper 3.0//EN" "http://mybatis.org/dtd/mybatis-3-mapper.dtd">
<mapper namespace="com.python.clinic.dao.diagnosis.FollowUpTemplateMapper">

    <!-- 通用查询映射结果 -->
    <resultMap id="BaseResultMap" type="com.python.clinic.entity.diagnosis.FollowUpTemplate">
        <id column="id" property="id" />
        <result column="template_name" property="templateName" />
        <result column="create_id" property="createId" />
        <result column="content" property="content" />
        <result column="type" property="type" />
    </resultMap>

    <!-- 通用查询结果列 -->
    <sql id="Base_Column_List">
        id, template_name, create_id, content, type
    </sql>

</mapper>
