<?xml version="1.0" encoding="UTF-8"?>
<!DOCTYPE mapper PUBLIC "-//mybatis.org//DTD Mapper 3.0//EN" "http://mybatis.org/dtd/mybatis-3-mapper.dtd">
<mapper namespace="com.python.clinic.dao.diagnosis.FollowUpMapper">

    <!-- 通用查询映射结果 -->
    <resultMap id="BaseResultMap" type="com.python.clinic.entity.diagnosis.FollowUp">
        <id column="id" property="id" />
        <result column="type" property="type" />
        <result column="patient_id" property="patientId" />
        <result column="diagnosis_id" property="diagnosisId" />
        <result column="objectives" property="objectives" />
        <result column="status" property="status" />
        <result column="follow_up_people" property="followUpPeople" />
        <result column="follow_up_time" property="followUpTime" />
        <result column="mode" property="mode" />
        <result column="result" property="result" />
        <result column="enclosure" property="enclosure" />
        <result column="termination_result" property="terminationResult"/>
    </resultMap>

    <!-- 通用查询结果列 -->
    <sql id="Base_Column_List">
        id, type, patient_id, diagnosis_id, objectives, status, follow_up_people, follow_up_time, mode,
         result, enclosure, termination_result
    </sql>

</mapper>
