<?xml version="1.0" encoding="UTF-8"?>
<!DOCTYPE mapper PUBLIC "-//mybatis.org//DTD Mapper 3.0//EN" "http://mybatis.org/dtd/mybatis-3-mapper.dtd">
<mapper namespace="com.python.clinic.dao.diagnosis.IndexMapper">

    <!-- 通用查询映射结果 -->
    <resultMap id="BaseResultMap" type="com.python.clinic.entity.diagnosis.Index">
        <id column="id" property="id" />
        <result column="index_name" property="indexName" />
        <result column="index_code" property="indexCode" />
        <result column="quantitative" property="quantitative" />
        <result column="unit" property="unit" />
        <result column="min_value" property="minValue" />
        <result column="max_value" property="maxValue" />
        <result column="clinic_id" property="clinicId" />
    </resultMap>

    <!-- 通用查询结果列 -->
    <sql id="Base_Column_List">
        id, index_name, index_code, quantitative, unit, min_value, max_value,clinic_id
    </sql>

</mapper>
