<?xml version="1.0" encoding="UTF-8"?>
<!DOCTYPE mapper PUBLIC "-//mybatis.org//DTD Mapper 3.0//EN" "http://mybatis.org/dtd/mybatis-3-mapper.dtd">
<mapper namespace="com.python.clinic.dao.diagnosis.ItemImplementMapper">

    <!-- 通用查询映射结果 -->
    <resultMap id="BaseResultMap" type="com.python.clinic.entity.diagnosis.ItemImplement">
        <id column="id" property="id" />
        <result column="executor" property="executor" />
        <result column="executor_num" property="executorNum" />
        <result column="executor_time" property="executorTime" />
        <result column="registrant" property="registrant" />
        <result column="status" property="status" />
        <result column="repealer" property="repealer" />
        <result column="repealer_time" property="repealerTime" />
        <result column="item_id" property="itemId" />
    </resultMap>

    <!-- 通用查询结果列 -->
    <sql id="Base_Column_List">
        id, executor, executor_num, executor_tiem, registrant, status, repealer, repealer_time, item_id
    </sql>

</mapper>
