<?xml version="1.0" encoding="UTF-8"?>
<!DOCTYPE mapper PUBLIC "-//mybatis.org//DTD Mapper 3.0//EN" "http://mybatis.org/dtd/mybatis-3-mapper.dtd">
<mapper namespace="com.python.clinic.dao.diagnosis.ItemIndexMapper">

    <!-- 通用查询映射结果 -->
    <resultMap id="BaseResultMap" type="com.python.clinic.entity.diagnosis.ItemIndex">
        <result column="item_id" property="itemId" />
        <result column="index_id" property="indexId" />
    </resultMap>

    <!-- 通用查询结果列 -->
    <sql id="Base_Column_List">
        item_id, index_id
    </sql>

    <insert id="insertBatch">
        insert into his_item_index(item_id, index_id) values
        <foreach collection="list" item="item" separator=",">
            (#{itemId},#{item.indexId})
        </foreach>
    </insert>

</mapper>
