<?xml version="1.0" encoding="UTF-8"?>
<!DOCTYPE mapper PUBLIC "-//mybatis.org//DTD Mapper 3.0//EN" "http://mybatis.org/dtd/mybatis-3-mapper.dtd">
<mapper namespace="com.python.clinic.dao.diagnosis.MealItemMapper">

    <!-- 通用查询映射结果 -->
    <resultMap id="BaseResultMap" type="com.python.clinic.entity.diagnosis.MealItem">
        <result column="meal_id" property="mealId" />
        <result column="item_id" property="itemId" />
        <result column="price" property="price" />
        <result column="num" property="num" />
    </resultMap>

    <!-- 通用查询结果列 -->
    <sql id="Base_Column_List">
        meal_id, item_id, price, num
    </sql>

    <select id="listMealItem" resultType="java.util.Map">
        SELECT a.num,a.price,b.item_name,b.cost_price FROM his_meal_item a
        INNER JOIN his_treatment_item b ON a.item_id = b.id
        WHERE a.meal_id = #{mealId}
    </select>

</mapper>
