<?xml version="1.0" encoding="UTF-8"?>
<!DOCTYPE mapper PUBLIC "-//mybatis.org//DTD Mapper 3.0//EN" "http://mybatis.org/dtd/mybatis-3-mapper.dtd">
<mapper namespace="com.python.clinic.dao.diagnosis.PrescriptionDetailsMapper">

    <!-- 通用查询映射结果 -->
    <resultMap id="BaseResultMap" type="com.python.clinic.entity.diagnosis.PrescriptionDetails">
        <id column="id" property="id" />
        <result column="prescription_id" property="prescriptionId" />
        <result column="goods_id" property="goodsId" />
        <result column="usage_method" property="usageMethod" />
        <result column="skin_test" property="skinTest" />
        <result column="dosage" property="dosage" />
        <result column="dosage_unit" property="dosageUnit" />
        <result column="total" property="total" />
        <result column="total_unit" property="totalUnit" />
        <result column="freq" property="freq" />
        <result column="days" property="days" />
        <result column="status" property="status" />
        <result column="unit_price" property="unitPrice" />
    </resultMap>

    <!-- 通用查询结果列 -->
    <sql id="Base_Column_List">
        id, prescription_id, goods_id, usage_method, skin_test, dosage, dosage_unit, total, total_unit, freq, days, status, unit_price
    </sql>

</mapper>
