<?xml version="1.0" encoding="UTF-8"?>
<!DOCTYPE mapper PUBLIC "-//mybatis.org//DTD Mapper 3.0//EN" "http://mybatis.org/dtd/mybatis-3-mapper.dtd">
<mapper namespace="com.python.clinic.dao.diagnosis.PrescriptionMapper">

    <!-- 通用查询映射结果 -->
    <resultMap id="BaseResultMap" type="com.python.clinic.entity.diagnosis.Prescription">
        <id column="id" property="id" />
        <result column="relation_id" property="relationId" />
        <result column="relation_type" property="relationType" />
        <result column="type" property="type" />
        <result column="charge_status" property="chargeStatus" />
        <result column="daily_dosage" property="dailyDosage" />
        <result column="dose_count" property="doseCount" />
        <result column="usage_method" property="usageMethod" />
        <result column="single_dose" property="singleDose" />
        <result column="remark" property="remark" />
        <result column="decoction" property="decoction" />
        <result column="contact_phone" property="contactPhone" />
        <result column="specification" property="specification" />
        <result column="ivgtt" property="ivgtt" />
        <result column="freq" property="freq" />
        <result column="days" property="days" />
        <result column="total_price" property="totalPrice" />
    </resultMap>

    <!-- 通用查询结果列 -->
    <sql id="Base_Column_List">
        id, relation_id, relation_type, type, charge_status, daily_dosage, dose_count, usage_method, single_dose, remark, decoction, contact_phone, specification, ivgtt, freq, days, total_price
    </sql>

</mapper>
