<?xml version="1.0" encoding="UTF-8"?>
<!DOCTYPE mapper PUBLIC "-//mybatis.org//DTD Mapper 3.0//EN" "http://mybatis.org/dtd/mybatis-3-mapper.dtd">
<mapper namespace="com.python.clinic.dao.diagnosis.TreatmentItemMapper">

    <!-- 通用查询映射结果 -->
    <resultMap id="BaseResultMap" type="com.python.clinic.entity.diagnosis.TreatmentItem">
        <id column="id" property="id" />
        <result column="type" property="type" />
        <result column="sub_type" property="subType" />
        <result column="item_name" property="itemName" />
        <result column="insurance_code" property="insuranceCode" />
        <result column="unit" property="unit" />
        <result column="cost_price" property="costPrice" />
        <result column="sales_price" property="salesPrice" />
        <result column="deduction" property="deduction" />
        <result column="status" property="status"/>
        <result column="clinic_id" property="clinicId" />
    </resultMap>

    <resultMap id="SetMealMap" type="com.python.clinic.entity.diagnosis.vo.SetMealVo">
        <id column="id" property="id" />
        <result column="sales_price" property="salesPrice" />
        <result column="meal_name" property="mealName" />
        <collection property="itemList" column="id" select="com.python.clinic.dao.diagnosis.MealItemMapper.listMealItem"/>
    </resultMap>

    <!-- 通用查询结果列 -->
    <sql id="Base_Column_List">
        id, type, sub_type, item_name, insurance_code, unit, cost_price, sales_price, deduction,status,clinic_id
    </sql>


    <select id="selectPatientItemList" resultType="com.python.clinic.entity.diagnosis.dto.TreatmentItemDetailsDto">
        select his_diagnosis_item.id id,his_treatment_item.item_name, his_diagnosis_item.`status`,
        his_diagnosis.diagnosis_time,his_diagnosis.clinic_id,
        his_diagnosis.drawer
        from his_diagnosis_item , his_diagnosis ,his_treatment_item
        where his_diagnosis_item.diagnosis_id = his_diagnosis.id
        and patient_id = #{patientId}
        --         治疗项是诊疗项目
        and his_diagnosis_item.relation_type = 0
        and his_diagnosis_item.relation_id = his_treatment_item.id
        --         治疗项目是治疗理疗
        and his_treatment_item.type = 4
        limit #{pageNum},#{pageSize}
    </select>

    <select id="selectPatientItemListTotal" resultType="java.lang.Integer">
        select count(*)
        from his_diagnosis_item , his_diagnosis ,his_treatment_item
        where his_diagnosis_item.diagnosis_id = his_diagnosis.id
        and patient_id = #{patientId}
        --         治疗项是诊疗项目
        and his_diagnosis_item.relation_type = 0
        and his_diagnosis_item.relation_id = his_treatment_item.id
        --         治疗项目是治疗理疗
        and his_treatment_item.type = 4
    </select>

    <sql id="Inspect_SQl">
        SELECT a.id,a.item_name,COUNT(b.index_id) index_count,a.sub_type,a.unit,a.cost_price,a.sales_price,a.`status`,a.deduction from his_treatment_item a
        LEFT JOIN his_item_index b ON a.id = b.item_id
    </sql>
    <sql id="No_Inspect_SQl">
        SELECT a.id,a.item_name,a.sub_type,a.unit,a.cost_price,a.sales_price,a.`status`,a.deduction from his_treatment_item a
    </sql>

    <select id="listTreatmentItem" resultType="com.python.clinic.entity.diagnosis.TreatmentItem">
        <choose>
            <when test="type == 3">
                <include refid="Inspect_SQl"></include>
            </when>
            <otherwise>
                <include refid="No_Inspect_SQl"></include>
            </otherwise>
        </choose>
        where a.clinic_id = #{clinicId} and a.type = #{type} and a.status != 2
        <if test="subType != null">
            and a.sub_type = #{subType}
        </if>
        <if test="itemName != null">
            and a.item_name LIKE CONCAT('%',#{itemName},'%')
        </if>
        GROUP BY a.id
        ORDER BY a.id DESC
    </select>

    <select id="listSetMeal" resultType="com.python.clinic.entity.diagnosis.vo.SetMealVo">
        SELECT a.id,a.item_name,a.sales_price,IFNULL(SUM(c.cost_price),0) cost_price,COUNT(b.item_id) item_count FROM his_treatment_item a
        LEFT JOIN his_meal_item b ON b.meal_id = a.id
        INNER JOIN his_treatment_item c ON b.item_id = c.id
        WHERE a.type = 5 and a.clinic_id = #{clinicId}
        <if test="itemName != null">
            and a.item_name LIKE CONCAT('%',#{itemName},'%')
        </if>
        GROUP BY a.id
        ORDER BY a.id DESC
    </select>

    <select id="getSetMeal" resultMap="SetMealMap">
        SELECT id,item_name FROM his_treatment_item WHERE type = 5 and id = #{setMealId}
    </select>

</mapper>
