<?xml version="1.0" encoding="UTF-8"?>
<!DOCTYPE mapper PUBLIC "-//mybatis.org//DTD Mapper 3.0//EN" "http://mybatis.org/dtd/mybatis-3-mapper.dtd">
<mapper namespace="com.python.clinic.dao.marketing.CouponMapper">

    <!-- 通用查询映射结果 -->
    <resultMap id="BaseResultMap" type="com.python.clinic.entity.marketing.Coupon">
        <id column="id" property="id" />
        <result column="coupon_name" property="couponName" />
        <result column="preferential_price" property="preferentialPrice" />
        <result column="use_threshold" property="useThreshold" />
        <result column="only_original_price" property="onlyOriginalPrice" />
        <result column="use_count" property="useCount" />
        <result column="valid_days" property="validDays" />
        <result column="valid_start_time" property="validStartTime" />
        <result column="valid_end_time" property="validEndTime" />
        <result column="total_count" property="totalCount" />
        <result column="surplus_count" property="surplusCount" />
        <result column="all_patients" property="allPatients" />
        <result column="receive_count" property="receiveCount" />
        <result column="free_receive" property="freeReceive" />
        <result column="receive_start_time" property="receiveStartTime" />
        <result column="receive_end_time" property="receiveEndTime" />
        <result column="status" property="status" />
        <result column="remark" property="remark" />
        <result column="clinic_id" property="clinicId" />
    </resultMap>

    <!-- 通用查询结果列 -->
    <sql id="Base_Column_List">
        id, coupon_name, preferential_price, use_threshold, only_original_price, use_count, valid_days, valid_start_time, valid_end_time, total_count, surplus_count, all_patients, receive_count, free_receive, receive_start_time, receive_end_time, status, remark, clinic_id
    </sql>

</mapper>
