<?xml version="1.0" encoding="UTF-8"?>
<!DOCTYPE mapper PUBLIC "-//mybatis.org//DTD Mapper 3.0//EN" "http://mybatis.org/dtd/mybatis-3-mapper.dtd">
<mapper namespace="com.python.clinic.dao.marketing.DiscountSettingMapper">

    <!-- 通用查询映射结果 -->
    <resultMap id="BaseResultMap" type="com.python.clinic.entity.marketing.DiscountSetting">
        <id column="id" property="id" />
        <result column="discount_id" property="discountId" />
        <result column="type" property="type" />
        <result column="goods_id" property="goodsId" />
        <result column="discount" property="discount" />
    </resultMap>

    <!-- 通用查询结果列 -->
    <sql id="Base_Column_List">
        id, discount_id, type, goods_id, discount
    </sql>

    <select id="getDiscountGoodsCount" parameterType="java.lang.Integer" resultType="java.lang.Integer">
        select count(*) from his_discount_setting where discount_id = #{discountId} and discount != 1 <!--折扣不为1表示该商品要打折-->
    </select>
    <!-- 获取冲突统计信息-->
    <select id="getDiscountConflictCount" parameterType="java.lang.Integer" resultType="java.lang.Integer">
        select count(*)
        from his_discount_setting h1,
            (select * from his_discount_setting where discount_id =#{discountId} and discount != 1) h2
        where h1.type = h2.type
        and h1.discount_id != #{discountId}
    </select>
    <!-- 获取冲突详细信息-->
    <select id="getDiscountConflictCount" parameterType="java.lang.Integer" resultMap="BaseResultMap">
        select h1.id,h1.discount_id,h1.type,h1.goods_id,h1.discount
        from his_discount_setting h1,
            (select * from his_discount_setting where discount_id =#{discountId} and discount != 1) h2
        where h1.type = h2.type
        and h1.discount_id != #{discountId}
    </select>
</mapper>
