<?xml version="1.0" encoding="UTF-8"?>
<!DOCTYPE mapper PUBLIC "-//mybatis.org//DTD Mapper 3.0//EN" "http://mybatis.org/dtd/mybatis-3-mapper.dtd">
<mapper namespace="com.python.clinic.dao.marketing.DiscountActivitiesMapper">

    <!-- 通用查询映射结果 -->
    <resultMap id="BaseResultMap" type="com.python.clinic.entity.marketing.DiscountActivities">
        <id column="id" property="id" />
        <result column="activity_name" property="activityName" />
        <result column="time_limit" property="timeLimit" />
        <result column="start_time" property="startTime" />
        <result column="end_time" property="endTime" />
        <result column="activity_object" property="activityObject" />
        <result column="activity_shop" property="activityShop" />
        <result column="status" property="status" />
        <result column="clinic_id" property="clinicId" />
    </resultMap>

    <!-- 通用查询结果列 -->
    <sql id="Base_Column_List">
        id, activity_name, time_limit, start_time, end_time, activity_object, activity_shop, status, clinic_id
    </sql>

</mapper>
