<?xml version="1.0" encoding="UTF-8"?>
<!DOCTYPE mapper PUBLIC "-//mybatis.org//DTD Mapper 3.0//EN" "http://mybatis.org/dtd/mybatis-3-mapper.dtd">
<mapper namespace="com.python.clinic.dao.marketing.GiftCouponMapper">

    <!-- 通用查询映射结果 -->
    <resultMap id="BaseResultMap" type="com.python.clinic.entity.marketing.GiftCoupon">
        <id column="id" property="id" />
        <result column="preferential_set_id" property="preferentialSetId" />
        <result column="relation_id" property="relationId" />
        <result column="relation_type" property="relationType" />
        <result column="count" property="count" />
    </resultMap>

    <!-- 通用查询结果列 -->
    <sql id="Base_Column_List">
        id, preferential_set_id, relation_id, relation_type, count
    </sql>

</mapper>
