<?xml version="1.0" encoding="UTF-8"?>
<!DOCTYPE mapper PUBLIC "-//mybatis.org//DTD Mapper 3.0//EN" "http://mybatis.org/dtd/mybatis-3-mapper.dtd">
<mapper namespace="com.python.clinic.dao.marketing.MemberSetMapper">

    <!-- 通用查询映射结果 -->
    <resultMap id="BaseResultMap" type="com.python.clinic.entity.marketing.MemberSet">
        <result column="id" property="id" />
        <result column="points_exchange_rat" property="pointsExchangeRat" />
        <result column="points_clear_month" property="pointsClearMonth" />
        <result column="points_clear_day" property="pointsClearDay" />
        <result column="password_pay" property="passwordPay" />
    </resultMap>

    <!-- 通用查询结果列 -->
    <sql id="Base_Column_List">
        id, points_exchange_rat, points_clear_month, points_clear_day, password_pay
    </sql>

    <select id="selectLastRuleRecord" resultType="com.python.clinic.entity.marketing.MemberSet">
        select <include refid="Base_Column_List"></include> from his_member_set order by id desc limit 0,1;
    </select>
</mapper>
