<?xml version="1.0" encoding="UTF-8"?>
<!DOCTYPE mapper PUBLIC "-//mybatis.org//DTD Mapper 3.0//EN" "http://mybatis.org/dtd/mybatis-3-mapper.dtd">
<mapper namespace="com.python.clinic.dao.marketing.MemberCardMapper">

    <!-- 通用查询映射结果 -->
    <resultMap id="BaseResultMap" type="com.python.clinic.entity.marketing.MemberCard">
        <id column="id" property="id" />
        <result column="card_name" property="cardName" />
        <result column="acquisition_conditions" property="acquisitionConditions" />
        <result column="benefits" property="benefits" />
        <result column="clinic_id" property="clinicId" />
    </resultMap>

    <!-- 通用查询结果列 -->
    <sql id="Base_Column_List">
        id, card_name, acquisition_conditions, benefits, clinic_id
    </sql>

</mapper>
