<?xml version="1.0" encoding="UTF-8"?>
<!DOCTYPE mapper PUBLIC "-//mybatis.org//DTD Mapper 3.0//EN" "http://mybatis.org/dtd/mybatis-3-mapper.dtd">
<mapper namespace="com.python.clinic.dao.marketing.PatientCouponMapper">

    <!-- 通用查询映射结果 -->
    <resultMap id="BaseResultMap" type="com.python.clinic.entity.marketing.PatientCoupon">
        <id column="patient_id" property="patientId" />
        <result column="coupon_id" property="couponId" />
        <result column="receive_num" property="receiveNum" />
        <result column="use_num" property="useNum" />
    </resultMap>

    <!-- 通用查询结果列 -->
    <sql id="Base_Column_List">
        patient_id, coupon_id, receive_num, use_num
    </sql>

    <select id="getStatisticUseCoupon" parameterType="java.lang.Integer" resultType="java.lang.Integer">
        select sum(use_num) from his_patient_coupon where coupon_id = #{couponId}
    </select>
</mapper>
