<?xml version="1.0" encoding="UTF-8"?>
<!DOCTYPE mapper PUBLIC "-//mybatis.org//DTD Mapper 3.0//EN" "http://mybatis.org/dtd/mybatis-3-mapper.dtd">
<mapper namespace="com.python.clinic.dao.marketing.PreferentialMapper">

    <!-- 通用查询映射结果 -->
    <resultMap id="BaseResultMap" type="com.python.clinic.entity.marketing.Preferential">
        <id column="id" property="id" />
        <result column="type" property="type" />
        <result column="activity_name" property="activityName" />
        <result column="phone" property="phone" />
        <result column="price_change" property="priceChange" />
        <result column="discount_id" property="discountId" />
    </resultMap>

    <!-- 通用查询结果列 -->
    <sql id="Base_Column_List">
        id, type, activity_name, phone, price_change, discount_id
    </sql>

</mapper>
