<?xml version="1.0" encoding="UTF-8"?>
<!DOCTYPE mapper PUBLIC "-//mybatis.org//DTD Mapper 3.0//EN" "http://mybatis.org/dtd/mybatis-3-mapper.dtd">
<mapper namespace="com.python.clinic.dao.marketing.PreferentialSetMapper">

    <!-- 通用查询映射结果 -->
    <resultMap id="BaseResultMap" type="com.python.clinic.entity.marketing.PreferentialSet">
        <id column="id" property="id" />
        <result column="gift_id" property="giftId" />
        <result column="order_threshold_price" property="orderThresholdPrice" />
        <result column="full_reduce" property="fullReduce" />
        <result column="full_return" property="fullReturn" />
        <result column="full_give" property="fullGive" />
        <result column="cycle" property="cycle" />
        <result column="discounted_price" property="discountedPrice" />
    </resultMap>

    <!-- 通用查询结果列 -->
    <sql id="Base_Column_List">
        id, gift_id, order_threshold_price, full_reduce, full_return, full_give, cycle, discounted_price
    </sql>

</mapper>
