<?xml version="1.0" encoding="UTF-8"?>
<!DOCTYPE mapper PUBLIC "-//mybatis.org//DTD Mapper 3.0//EN" "http://mybatis.org/dtd/mybatis-3-mapper.dtd">
<mapper namespace="com.python.clinic.dao.marketing.PreferentialDetailsMapper">

    <!-- 通用查询映射结果 -->
    <resultMap id="BaseResultMap" type="com.python.clinic.entity.marketing.PreferentialDetails">
        <id column="id" property="id" />
        <result column="preferential_item" property="preferentialItem" />
        <result column="preferential_money" property="preferentialMoney" />
        <result column="preferential_id" property="preferentialId" />
    </resultMap>

    <!-- 通用查询结果列 -->
    <sql id="Base_Column_List">
        id, preferential_item, preferential_money, preferential_id
    </sql>

</mapper>
