<?xml version="1.0" encoding="UTF-8"?>
<!DOCTYPE mapper PUBLIC "-//mybatis.org//DTD Mapper 3.0//EN" "http://mybatis.org/dtd/mybatis-3-mapper.dtd">
<mapper namespace="com.python.clinic.dao.marketing.UseScopeMapper">

    <!-- 通用查询映射结果 -->
    <resultMap id="BaseResultMap" type="com.python.clinic.entity.marketing.UseScope">
        <id column="id" property="id" />
        <result column="relation_id" property="relationId" />
        <result column="type" property="type" />
        <result column="goods_type" property="goodsType" />
        <result column="goods_sub_type" property="goodsSubType" />
        <result column="goods_id" property="goodsId" />
    </resultMap>

    <!-- 通用查询结果列 -->
    <sql id="Base_Column_List">
        id, relation_id, type, goods_type, goods_sub_type, goods_id
    </sql>

</mapper>
